<?xml version="1.0" encoding="UTF-8"?>
<AnyConnectProfile xmlns="http://schemas.xmlsoap.org/encoding/" xmlns:xsi="http://www.w3.org/2001/XMLSchema-instance" xsi:schemaLocation="http://schemas.xmlsoap.org/encoding/ AnyConnectProfile.xsd">
	<ClientInitialization>
		<UseStartBeforeLogon UserControllable="false">true</UseStartBeforeLogon>
		<AutomaticCertSelection UserControllable="false">true</AutomaticCertSelection>
		<ShowPreConnectMessage>false</ShowPreConnectMessage>
		<CertificateStore>Machine</CertificateStore>
		<CertificateStoreOverride>true</CertificateStoreOverride>
		<ProxySettings>Native</ProxySettings>
		<AllowLocalProxyConnections>false</AllowLocalProxyConnections>
		<AuthenticationTimeout>12</AuthenticationTimeout>
		<AutoConnectOnStart UserControllable="false">false</AutoConnectOnStart>
		<MinimizeOnConnect UserControllable="true">true</MinimizeOnConnect>
		<LocalLanAccess UserControllable="false">false</LocalLanAccess>
		<ClearSmartcardPin UserControllable="true">false</ClearSmartcardPin>
		<IPProtocolSupport>IPv4,IPv6</IPProtocolSupport>
		<AutoReconnect UserControllable="false">false</AutoReconnect>
		<AutoUpdate UserControllable="false">false</AutoUpdate>
		<RSASecurIDIntegration UserControllable="false">Automatic</RSASecurIDIntegration>
		<WindowsLogonEnforcement>SingleLocalLogon</WindowsLogonEnforcement>
		<WindowsVPNEstablishment>LocalUsersOnly</WindowsVPNEstablishment>
		<AutomaticVPNPolicy>false</AutomaticVPNPolicy>
		<PPPExclusion UserControllable="false">Disable
			<PPPExclusionServerIP UserControllable="false"></PPPExclusionServerIP>
		</PPPExclusion>
		<EnableScripting UserControllable="false">false</EnableScripting>
		<CertificateMatch>
			<KeyUsage>
				<MatchKey>Key_Encipherment</MatchKey>
				<MatchKey>Digital_Signature</MatchKey>
			</KeyUsage>
			<ExtendedKeyUsage>
				<ExtendedMatchKey>ClientAuth</ExtendedMatchKey>
			</ExtendedKeyUsage>
		</CertificateMatch>
		<EnableAutomaticServerSelection UserControllable="false">false
			<AutoServerSelectionImprovement>20</AutoServerSelectionImprovement>
			<AutoServerSelectionSuspendTime>4</AutoServerSelectionSuspendTime>
		</EnableAutomaticServerSelection>
		<RetainVpnOnLogoff>false
		</RetainVpnOnLogoff>
	</ClientInitialization>
	<ServerList>
		<HostEntry>
			<HostName>VPN-RO</HostName>
			<HostAddress>vpnaccess.vodafone.ro</HostAddress>
		</HostEntry>
	</ServerList>
</AnyConnectProfile>
